,DATE_m,TAVG,temp_celsius,Month,ref_temp,Diff,STATION
0,195901,,,1,-14.708388354398538,,SODANKYLA LOKKA FI
1,195902,,,2,-14.13026099732089,,SODANKYLA LOKKA FI
2,195903,,,3,-9.546836026745478,,SODANKYLA LOKKA FI
3,195904,,,4,-3.067089018843405,,SODANKYLA LOKKA FI
4,195905,41.46774193548387,5.259856630824372,5,3.8892905697688795,1.3705660610554928,SODANKYLA LOKKA FI
5,195906,52.083333333333336,11.157407407407407,6,10.392184557438794,0.7652228499686125,SODANKYLA LOKKA FI
6,195907,54.95,12.749999999999998,7,13.516478342749528,-0.7664783427495294,SODANKYLA LOKKA FI
7,195908,52.564516129032256,11.424731182795702,8,10.975930045729823,0.4488011370658782,SODANKYLA LOKKA FI
8,195909,38.833333333333336,3.796296296296296,9,5.771551724137931,-1.9752554278416348,SODANKYLA LOKKA FI
9,195910,28.370967741935484,-2.0161290322580645,10,-0.8629959213941413,-1.1531331108639233,SODANKYLA LOKKA FI
10,195911,19.216666666666665,-7.101851851851852,11,-7.512292464878672,0.4104406130268199,SODANKYLA LOKKA FI
11,195912,8.193548387096774,-13.225806451612906,12,-12.293752317389698,-0.9320541342232076,SODANKYLA LOKKA FI
12,196001,-2.4193548387096775,-19.121863799283155,1,-14.708388354398538,-4.413475444884616,SODANKYLA LOKKA FI
13,196002,-1.1724137931034482,-18.429118773946357,2,-14.13026099732089,-4.298857776625466,SODANKYLA LOKKA FI
14,196003,19.080645161290324,-7.177419354838711,3,-9.546836026745478,2.369416671906767,SODANKYLA LOKKA FI
15,196004,29.7,-1.277777777777778,4,-3.067089018843405,1.789311241065627,SODANKYLA LOKKA FI
16,196005,45.29032258064516,7.383512544802867,5,3.8892905697688795,3.494221975033988,SODANKYLA LOKKA FI
17,196006,52.13333333333333,11.185185185185187,6,10.392184557438794,0.7930006277463928,SODANKYLA LOKKA FI
18,196007,62.53225806451613,16.962365591397848,7,13.516478342749528,3.4458872486483205,SODANKYLA LOKKA FI
19,196008,53.596774193548384,11.99820788530466,8,10.975930045729823,1.022277839574837,SODANKYLA LOKKA FI
20,196009,42.6,5.888888888888889,9,5.771551724137931,0.11733716475095868,SODANKYLA LOKKA FI
21,196010,20.29032258064516,-6.505376344086021,10,-0.8629959213941413,-5.64238042269188,SODANKYLA LOKKA FI
22,196011,13.516666666666667,-10.26851851851852,11,-7.512292464878672,-2.756226053639849,SODANKYLA LOKKA FI
23,196012,10.64516129032258,-11.863799283154124,12,-12.293752317389698,0.42995303423557374,SODANKYLA LOKKA FI
24,196101,11.870967741935484,-11.182795698924732,1,-14.708388354398538,3.5255926554738064,SODANKYLA LOKKA FI
25,196102,9.160714285714286,-12.688492063492067,2,-14.13026099732089,1.4417689338288238,SODANKYLA LOKKA FI
26,196103,17.048387096774192,-8.306451612903226,3,-9.546836026745478,1.2403844138422517,SODANKYLA LOKKA FI
27,196104,20.116666666666667,-6.601851851851851,4,-3.067089018843405,-3.5347628330084464,SODANKYLA LOKKA FI
28,196105,36.983870967741936,2.7688172043010755,5,3.8892905697688795,-1.120473365467804,SODANKYLA LOKKA FI
29,196106,56.266666666666666,13.481481481481485,6,10.392184557438794,3.0892969240426904,SODANKYLA LOKKA FI
30,196107,58.596774193548384,14.775985663082437,7,13.516478342749528,1.2595073203329097,SODANKYLA LOKKA FI
31,196108,51.354838709677416,10.752688172043008,8,10.975930045729823,-0.22324187368681514,SODANKYLA LOKKA FI
32,196109,42.88333333333333,6.046296296296297,9,5.771551724137931,0.2747445721583661,SODANKYLA LOKKA FI
33,196110,40.91935483870968,4.9551971326164885,10,-0.8629959213941413,5.81819305401063,SODANKYLA LOKKA FI
34,196111,24.766666666666666,-4.018518518518518,11,-7.512292464878672,3.493773946360154,SODANKYLA LOKKA FI
35,196112,5.096774193548387,-14.946236559139788,12,-12.293752317389698,-2.6524842417500896,SODANKYLA LOKKA FI
36,196201,4.241935483870968,-15.421146953405017,1,-14.708388354398538,-0.7127585990064791,SODANKYLA LOKKA FI
37,196202,9.053571428571429,-12.748015873015873,2,-14.13026099732089,1.3822451243050171,SODANKYLA LOKKA FI
38,196203,-1.596774193548387,-18.664874551971327,3,-9.546836026745478,-9.118038525225849,SODANKYLA LOKKA FI
39,196204,29.833333333333332,-1.2037037037037037,4,-3.067089018843405,1.863385315139701,SODANKYLA LOKKA FI
40,196205,37.53225806451613,3.073476702508961,5,3.8892905697688795,-0.8158138672599184,SODANKYLA LOKKA FI
41,196206,47.15,8.416666666666666,6,10.392184557438794,-1.975517890772128,SODANKYLA LOKKA FI
42,196207,50.483870967741936,10.268817204301074,7,13.516478342749528,-3.2476611384484535,SODANKYLA LOKKA FI
43,196208,47.41935483870968,8.566308243727597,8,10.975930045729823,-2.409621802002226,SODANKYLA LOKKA FI
44,196209,41.266666666666666,5.148148148148149,9,5.771551724137931,-0.6234035759897818,SODANKYLA LOKKA FI
45,196210,29.29032258064516,-1.505376344086022,10,-0.8629959213941413,-0.6423804226918807,SODANKYLA LOKKA FI
46,196211,24.766666666666666,-4.018518518518517,11,-7.512292464878672,3.4937739463601547,SODANKYLA LOKKA FI
47,196212,-0.5,-18.055555555555554,12,-12.293752317389698,-5.7618032381658555,SODANKYLA LOKKA FI
48,196301,-0.6612903225806451,-18.145161290322584,1,-14.708388354398538,-3.4367729359240453,SODANKYLA LOKKA FI
49,196302,-0.6428571428571429,-18.134920634920636,2,-14.13026099732089,-4.004659637599746,SODANKYLA LOKKA FI
50,196303,3.532258064516129,-15.81541218637993,3,-9.546836026745478,-6.268576159634453,SODANKYLA LOKKA FI
51,196304,27.966666666666665,-2.240740740740742,4,-3.067089018843405,0.826348278102663,SODANKYLA LOKKA FI
52,196305,49.37096774193548,9.650537634408606,5,3.8892905697688795,5.761247064639726,SODANKYLA LOKKA FI
53,196306,46.916666666666664,8.287037037037036,6,10.392184557438794,-2.105147520401758,SODANKYLA LOKKA FI
54,196307,54.03225806451613,12.24014336917563,7,13.516478342749528,-1.2763349735738974,SODANKYLA LOKKA FI
55,196308,52.45161290322581,11.36200716845878,8,10.975930045729823,0.3860771227289561,SODANKYLA LOKKA FI
56,196309,46.31666666666667,7.953703703703706,9,5.771551724137931,2.1821519795657753,SODANKYLA LOKKA FI
57,196310,32.29032258064516,0.16129032258064516,10,-0.8629959213941413,1.0242862439747864,SODANKYLA LOKKA FI
58,196311,18.833333333333332,-7.314814814814816,11,-7.512292464878672,0.1974776500638562,SODANKYLA LOKKA FI
59,196312,7.32258064516129,-13.709677419354842,12,-12.293752317389698,-1.4159251019651435,SODANKYLA LOKKA FI
60,196401,14.596774193548388,-9.668458781362009,1,-14.708388354398538,5.039929573036529,SODANKYLA LOKKA FI
61,196402,0.8620689655172413,-17.29885057471264,2,-14.13026099732089,-3.168589577391751,SODANKYLA LOKKA FI
62,196403,12.64516129032258,-10.752688172043012,3,-9.546836026745478,-1.2058521452975342,SODANKYLA LOKKA FI
63,196404,24.166666666666668,-4.351851851851852,4,-3.067089018843405,-1.2847628330084473,SODANKYLA LOKKA FI
64,196405,40.87096774193548,4.928315412186381,5,3.8892905697688795,1.039024842417501,SODANKYLA LOKKA FI
65,196406,48.75,9.305555555555554,6,10.392184557438794,-1.0866290018832405,SODANKYLA LOKKA FI
66,196407,56.225806451612904,13.458781362007173,7,13.516478342749528,-0.05769698074235485,SODANKYLA LOKKA FI
67,196408,51.5,10.833333333333332,8,10.975930045729823,-0.1425967123964913,SODANKYLA LOKKA FI
68,196409,40.1,4.499999999999999,9,5.771551724137931,-1.2715517241379315,SODANKYLA LOKKA FI
69,196410,35.935483870967744,2.186379928315412,10,-0.8629959213941413,3.0493758497095533,SODANKYLA LOKKA FI
70,196411,14.7,-9.611111111111112,11,-7.512292464878672,-2.0988186462324405,SODANKYLA LOKKA FI
71,196412,9.14516129032258,-12.697132616487457,12,-12.293752317389698,-0.4033802990977584,SODANKYLA LOKKA FI
72,196501,7.693548387096774,-13.503584229390679,1,-14.708388354398538,1.2048041250078594,SODANKYLA LOKKA FI
73,196502,6.714285714285714,-14.04761904761905,2,-14.13026099732089,0.08264194970184136,SODANKYLA LOKKA FI
74,196503,7.645161290322581,-13.53046594982079,3,-9.546836026745478,-3.9836299230753127,SODANKYLA LOKKA FI
75,196504,25.566666666666666,-3.5740740740740744,4,-3.067089018843405,-0.5069850552306696,SODANKYLA LOKKA FI
76,196505,32.82258064516129,0.4569892473118279,5,3.8892905697688795,-3.4323013224570516,SODANKYLA LOKKA FI
77,196506,49.7,9.833333333333337,6,10.392184557438794,-0.5588512241054566,SODANKYLA LOKKA FI
78,196507,51.58064516129032,10.878136200716845,7,13.516478342749528,-2.6383421420326822,SODANKYLA LOKKA FI
79,196508,49.596774193548384,9.775985663082437,8,10.975930045729823,-1.1999443826473861,SODANKYLA LOKKA FI
80,196509,43.25,6.25,9,5.771551724137931,0.4784482758620694,SODANKYLA LOKKA FI
81,196510,28.483870967741936,-1.9534050179211468,10,-0.8629959213941413,-1.0904090965270057,SODANKYLA LOKKA FI
82,196511,10.4,-12.000000000000004,11,-7.512292464878672,-4.487707535121332,SODANKYLA LOKKA FI
83,196512,3.2096774193548385,-15.99462365591398,12,-12.293752317389698,-3.7008713385242817,SODANKYLA LOKKA FI
84,196601,-7.629032258064516,-22.016129032258064,1,-14.708388354398538,-7.307740677859526,SODANKYLA LOKKA FI
85,196602,-11.946428571428571,-24.414682539682538,2,-14.13026099732089,-10.284421542361647,SODANKYLA LOKKA FI
86,196603,0.3225806451612903,-17.598566308243722,3,-9.546836026745478,-8.051730281498244,SODANKYLA LOKKA FI
87,196604,21.916666666666668,-5.601851851851853,4,-3.067089018843405,-2.534762833008448,SODANKYLA LOKKA FI
88,196605,37.17741935483871,2.876344086021505,5,3.8892905697688795,-1.0129464837473745,SODANKYLA LOKKA FI
89,196606,52.86666666666667,11.592592592592592,6,10.392184557438794,1.2004080351537976,SODANKYLA LOKKA FI
90,196607,55.83870967741935,13.24372759856631,7,13.516478342749528,-0.27275074418321843,SODANKYLA LOKKA FI
91,196608,48.774193548387096,9.318996415770608,8,10.975930045729823,-1.656933629959216,SODANKYLA LOKKA FI
92,196609,37.43333333333333,3.0185185185185195,9,5.771551724137931,-2.753033205619411,SODANKYLA LOKKA FI
93,196610,24.43548387096774,-4.202508960573477,10,-0.8629959213941413,-3.3395130391793355,SODANKYLA LOKKA FI
94,196611,22.016666666666666,-5.5462962962962985,11,-7.512292464878672,1.9659961685823735,SODANKYLA LOKKA FI
95,196612,11.67741935483871,-11.290322580645162,12,-12.293752317389698,1.0034297367445362,SODANKYLA LOKKA FI
96,196701,-7.790322580645161,-22.105734767025083,1,-14.708388354398538,-7.397346412626545,SODANKYLA LOKKA FI
97,196702,12.535714285714286,-10.813492063492061,2,-14.13026099732089,3.316768933828829,SODANKYLA LOKKA FI
98,196703,22.951612903225808,-5.026881720430108,3,-9.546836026745478,4.51995430631537,SODANKYLA LOKKA FI
99,196704,27.116666666666667,-2.7129629629629632,4,-3.067089018843405,0.35412605588044155,SODANKYLA LOKKA FI
100,196705,38.016129032258064,3.3422939068100366,5,3.8892905697688795,-0.546996662958843,SODANKYLA LOKKA FI
101,196706,49.483333333333334,9.712962962962962,6,10.392184557438794,-0.6792215944758322,SODANKYLA LOKKA FI
102,196707,55.67741935483871,13.154121863799286,7,13.516478342749528,-0.36235647895024137,SODANKYLA LOKKA FI
103,196708,55.87096774193548,13.261648745519715,8,10.975930045729823,2.285718699789891,SODANKYLA LOKKA FI
104,196709,44.766666666666666,7.092592592592593,9,5.771551724137931,1.321040868454662,SODANKYLA LOKKA FI
105,196710,30.725806451612904,-0.7078853046594986,10,-0.8629959213941413,0.15511061673464266,SODANKYLA LOKKA FI
106,196711,29.1,-1.611111111111111,11,-7.512292464878672,5.901181353767561,SODANKYLA LOKKA FI
107,196712,-4.225806451612903,-20.125448028673834,12,-12.293752317389698,-7.831695711284135,SODANKYLA LOKKA FI
108,196801,-3.096774193548387,-19.49820788530466,1,-14.708388354398538,-4.7898195309061204,SODANKYLA LOKKA FI
109,196802,0.9827586206896551,-17.231800766283524,2,-14.13026099732089,-3.101539768962633,SODANKYLA LOKKA FI
110,196803,14.5,-9.722222222222223,3,-9.546836026745478,-0.1753861954767455,SODANKYLA LOKKA FI
111,196804,24.183333333333334,-4.3425925925925934,4,-3.067089018843405,-1.2755035737491887,SODANKYLA LOKKA FI
112,196805,32.354838709677416,0.1971326164874553,5,3.8892905697688795,-3.6921579532814244,SODANKYLA LOKKA FI
113,196806,50.85,10.472222222222225,6,10.392184557438794,0.08003766478343088,SODANKYLA LOKKA FI
114,196807,49.79032258064516,9.883512544802866,7,13.516478342749528,-3.632965797946662,SODANKYLA LOKKA FI
115,196808,48.91935483870968,9.399641577060928,8,10.975930045729823,-1.5762884686688956,SODANKYLA LOKKA FI
116,196809,36.61666666666667,2.564814814814815,9,5.771551724137931,-3.2067369093231157,SODANKYLA LOKKA FI
117,196810,18.338709677419356,-7.589605734767026,10,-0.8629959213941413,-6.726609813372884,SODANKYLA LOKKA FI
118,196811,18.8,-7.333333333333332,11,-7.512292464878672,0.17895913154533982,SODANKYLA LOKKA FI
119,196812,18.661290322580644,-7.410394265232977,12,-12.293752317389698,4.883358052156721,SODANKYLA LOKKA FI
120,196901,4.306451612903226,-15.385304659498203,1,-14.708388354398538,-0.6769163050996649,SODANKYLA LOKKA FI
121,196902,-0.8571428571428571,-18.253968253968257,2,-14.13026099732089,-4.123707256647366,SODANKYLA LOKKA FI
122,196903,10.048387096774194,-12.195340501792113,3,-9.546836026745478,-2.6485044750466358,SODANKYLA LOKKA FI
123,196904,23.2,-4.888888888888889,4,-3.067089018843405,-1.8217998700454845,SODANKYLA LOKKA FI
124,196905,33.74193548387097,0.9677419354838711,5,3.8892905697688795,-2.9215486342850085,SODANKYLA LOKKA FI
125,196906,47.833333333333336,8.796296296296298,6,10.392184557438794,-1.5958882611424965,SODANKYLA LOKKA FI
126,196907,54.935483870967744,12.74193548387097,7,13.516478342749528,-0.7745428588785579,SODANKYLA LOKKA FI
127,196908,51.88709677419355,11.048387096774194,8,10.975930045729823,0.0724570510443705,SODANKYLA LOKKA FI
128,196909,40.0,4.444444444444445,9,5.771551724137931,-1.327107279693486,SODANKYLA LOKKA FI
129,196910,31.483870967741936,-0.2867383512544802,10,-0.8629959213941413,0.5762575701396611,SODANKYLA LOKKA FI
130,196911,17.883333333333333,-7.842592592592593,11,-7.512292464878672,-0.3303001277139206,SODANKYLA LOKKA FI
131,196912,10.935483870967742,-11.702508960573477,12,-12.293752317389698,0.5912433568162214,SODANKYLA LOKKA FI
132,197001,3.7096774193548385,-15.716845878136203,1,-14.708388354398538,-1.0084575237376647,SODANKYLA LOKKA FI
133,197002,-5.821428571428571,-21.011904761904766,2,-14.13026099732089,-6.881643764583876,SODANKYLA LOKKA FI
134,197003,19.016129032258064,-7.213261648745519,3,-9.546836026745478,2.333574377999959,SODANKYLA LOKKA FI
135,197004,19.716666666666665,-6.8240740740740735,4,-3.067089018843405,-3.7569850552306687,SODANKYLA LOKKA FI
136,197005,36.806451612903224,2.6702508960573477,5,3.8892905697688795,-1.2190396737115319,SODANKYLA LOKKA FI
137,197006,54.916666666666664,12.73148148148148,6,10.392184557438794,2.339296924042685,SODANKYLA LOKKA FI
138,197007,58.95161290322581,14.973118279569894,7,13.516478342749528,1.4566399368203662,SODANKYLA LOKKA FI
139,197008,52.12903225806452,11.182795698924732,8,10.975930045729823,0.20686565319490846,SODANKYLA LOKKA FI
140,197009,41.9,5.5,9,5.771551724137931,-0.2715517241379306,SODANKYLA LOKKA FI
141,197010,30.93548387096774,-0.5913978494623658,10,-0.8629959213941413,0.27159807193177543,SODANKYLA LOKKA FI
142,197011,14.85,-9.527777777777777,11,-7.512292464878672,-2.015485312899105,SODANKYLA LOKKA FI
143,197012,10.887096774193548,-11.729390681003585,12,-12.293752317389698,0.5643616363861135,SODANKYLA LOKKA FI
144,197101,6.064516129032258,-14.408602150537636,1,-14.708388354398538,0.2997862038609025,SODANKYLA LOKKA FI
145,197102,0.35714285714285715,-17.579365079365083,2,-14.13026099732089,-3.449104082044192,SODANKYLA LOKKA FI
146,197103,2.532258064516129,-16.370967741935484,3,-9.546836026745478,-6.824131715190006,SODANKYLA LOKKA FI
147,197104,18.733333333333334,-7.370370370370369,4,-3.067089018843405,-4.303281351526964,SODANKYLA LOKKA FI
148,197105,34.91935483870968,1.6218637992831542,5,3.8892905697688795,-2.2674267704857254,SODANKYLA LOKKA FI
149,197106,47.63333333333333,8.685185185185183,6,10.392184557438794,-1.7069993722536108,SODANKYLA LOKKA FI
150,197107,53.725806451612904,12.069892473118282,7,13.516478342749528,-1.446585869631246,SODANKYLA LOKKA FI
151,197108,51.62903225806452,10.905017921146955,8,10.975930045729823,-0.07091212458286833,SODANKYLA LOKKA FI
152,197109,39.21666666666667,4.009259259259258,9,5.771551724137931,-1.7622924648786729,SODANKYLA LOKKA FI
153,197110,26.919354838709676,-2.8225806451612896,10,-0.8629959213941413,-1.9595847237671484,SODANKYLA LOKKA FI
154,197111,7.75,-13.472222222222223,11,-7.512292464878672,-5.959929757343551,SODANKYLA LOKKA FI
155,197112,11.419354838709678,-11.4336917562724,12,-12.293752317389698,0.8600605611172973,SODANKYLA LOKKA FI
156,197201,12.258064516129032,-10.96774193548387,1,-14.708388354398538,3.740646418914668,SODANKYLA LOKKA FI
157,197202,7.862068965517241,-13.409961685823756,2,-14.13026099732089,0.7202993114971346,SODANKYLA LOKKA FI
158,197203,18.403225806451612,-7.553763440860213,3,-9.546836026745478,1.9930725858852645,SODANKYLA LOKKA FI
159,197204,26.533333333333335,-3.037037037037037,4,-3.067089018843405,0.03005198180636759,SODANKYLA LOKKA FI
160,197205,36.04838709677419,2.2491039426523294,5,3.8892905697688795,-1.6401866271165502,SODANKYLA LOKKA FI
161,197206,54.45,12.472222222222223,6,10.392184557438794,2.080037664783429,SODANKYLA LOKKA FI
162,197207,61.20967741935484,16.22759856630824,7,13.516478342749528,2.711120223558714,SODANKYLA LOKKA FI
163,197208,53.064516129032256,11.702508960573477,8,10.975930045729823,0.7265789148436532,SODANKYLA LOKKA FI
164,197209,40.93333333333333,4.962962962962963,9,5.771551724137931,-0.8085887611749678,SODANKYLA LOKKA FI
165,197210,30.016129032258064,-1.102150537634409,10,-0.8629959213941413,-0.23915461624026768,SODANKYLA LOKKA FI
166,197211,14.5,-9.722222222222225,11,-7.512292464878672,-2.209929757343553,SODANKYLA LOKKA FI
167,197212,24.161290322580644,-4.354838709677419,12,-12.293752317389698,7.938913607712279,SODANKYLA LOKKA FI
168,197506,46.88333333333333,8.268518518518517,6,10.392184557438794,-2.123666038920277,SODANKYLA LOKKA FI
169,197507,52.62903225806452,11.460573476702509,7,13.516478342749528,-2.055904866047019,SODANKYLA LOKKA FI
170,197508,48.75806451612903,9.310035842293907,8,10.975930045729823,-1.6658942034359168,SODANKYLA LOKKA FI
171,197509,43.43333333333333,6.351851851851852,9,5.771551724137931,0.5803001277139215,SODANKYLA LOKKA FI
172,197510,30.725806451612904,-0.7078853046594984,10,-0.8629959213941413,0.15511061673464288,SODANKYLA LOKKA FI
173,197511,20.433333333333334,-6.4259259259259265,11,-7.512292464878672,1.0863665389527455,SODANKYLA LOKKA FI
174,197512,6.693548387096774,-14.059139784946236,12,-12.293752317389698,-1.765387467556538,SODANKYLA LOKKA FI
175,197601,-2.2419354838709675,-19.02329749103943,1,-14.708388354398538,-4.314909136640891,SODANKYLA LOKKA FI
176,197602,9.89655172413793,-12.279693486590041,2,-14.13026099732089,1.8505675107308495,SODANKYLA LOKKA FI
177,197603,11.5,-11.388888888888891,3,-9.546836026745478,-1.8420528621434133,SODANKYLA LOKKA FI
178,197604,26.316666666666666,-3.1574074074074066,4,-3.067089018843405,-0.09031838856400176,SODANKYLA LOKKA FI
179,197605,41.064516129032256,5.035842293906809,5,3.8892905697688795,1.1465517241379293,SODANKYLA LOKKA FI
180,197606,46.55,8.083333333333336,6,10.392184557438794,-2.3088512241054584,SODANKYLA LOKKA FI
181,197607,53.935483870967744,12.18637992831541,7,13.516478342749528,-1.3300984144341168,SODANKYLA LOKKA FI
182,197608,51.54838709677419,10.860215053763442,8,10.975930045729823,-0.11571499196638158,SODANKYLA LOKKA FI
183,197609,36.983333333333334,2.768518518518518,9,5.771551724137931,-3.0030332056194124,SODANKYLA LOKKA FI
184,197610,25.241935483870968,-3.7544802867383513,10,-0.8629959213941413,-2.89148436534421,SODANKYLA LOKKA FI
185,197611,14.45,-9.75,11,-7.512292464878672,-2.237707535121328,SODANKYLA LOKKA FI
186,197612,10.064516129032258,-12.186379928315414,12,-12.293752317389698,0.1073723890742837,SODANKYLA LOKKA FI
187,197701,6.629032258064516,-14.094982078853047,1,-14.708388354398538,0.6134062755454917,SODANKYLA LOKKA FI
188,197702,5.232142857142857,-14.871031746031747,2,-14.13026099732089,-0.7407707487108564,SODANKYLA LOKKA FI
189,197703,12.46774193548387,-10.851254480286741,3,-9.546836026745478,-1.3044184535412633,SODANKYLA LOKKA FI
190,197704,24.666666666666668,-4.074074074074074,4,-3.067089018843405,-1.0069850552306696,SODANKYLA LOKKA FI
191,197705,35.45161290322581,1.9175627240143374,5,3.8892905697688795,-1.9717278457545422,SODANKYLA LOKKA FI
192,197706,47.61666666666667,8.675925925925926,6,10.392184557438794,-1.7162586315128685,SODANKYLA LOKKA FI
193,197707,55.29032258064516,12.939068100358421,7,13.516478342749528,-0.5774102423911067,SODANKYLA LOKKA FI
194,197708,49.693548387096776,9.829749103942651,8,10.975930045729823,-1.146180941787172,SODANKYLA LOKKA FI
195,197709,39.81666666666667,4.342592592592593,9,5.771551724137931,-1.428959131545338,SODANKYLA LOKKA FI
196,197710,26.080645161290324,-3.28853046594982,10,-0.8629959213941413,-2.4255345445556786,SODANKYLA LOKKA FI
197,197711,20.833333333333332,-6.203703703703704,11,-7.512292464878672,1.3085887611749678,SODANKYLA LOKKA FI
198,197712,10.17741935483871,-12.123655913978494,12,-12.293752317389698,0.17009640341120402,SODANKYLA LOKKA FI
199,197801,4.0,-15.555555555555557,1,-14.708388354398538,-0.8471672011570188,SODANKYLA LOKKA FI
200,197802,2.1785714285714284,-16.567460317460316,2,-14.13026099732089,-2.4371993201394258,SODANKYLA LOKKA FI
201,197803,15.96774193548387,-8.906810035842295,3,-9.546836026745478,0.6400259909031831,SODANKYLA LOKKA FI
202,197804,22.4,-5.333333333333334,4,-3.067089018843405,-2.266244314489929,SODANKYLA LOKKA FI
203,197805,38.16129032258065,3.422939068100359,5,3.8892905697688795,-0.46635150166852046,SODANKYLA LOKKA FI
204,197806,49.56666666666667,9.759259259259261,6,10.392184557438794,-0.6329252981795328,SODANKYLA LOKKA FI
205,197807,53.79032258064516,12.105734767025089,7,13.516478342749528,-1.4107435757244389,SODANKYLA LOKKA FI
206,197808,48.61290322580645,9.229390681003586,8,10.975930045729823,-1.746539364726237,SODANKYLA LOKKA FI
207,197809,42.11666666666667,5.620370370370369,9,5.771551724137931,-0.15118135376756126,SODANKYLA LOKKA FI
208,197810,28.161290322580644,-2.132616487455197,10,-0.8629959213941413,-1.269620566061056,SODANKYLA LOKKA FI
209,197811,15.566666666666666,-9.12962962962963,11,-7.512292464878672,-1.6173371647509578,SODANKYLA LOKKA FI
210,197812,-4.306451612903226,-20.17025089605735,12,-12.293752317389698,-7.876498578667652,SODANKYLA LOKKA FI
211,197901,0.2903225806451613,-17.61648745519713,1,-14.708388354398538,-2.9080991007985926,SODANKYLA LOKKA FI
212,197902,4.928571428571429,-15.039682539682541,2,-14.13026099732089,-0.9094215423616507,SODANKYLA LOKKA FI
213,197903,17.419354838709676,-8.100358422939067,3,-9.546836026745478,1.4464776038064109,SODANKYLA LOKKA FI
214,197904,21.716666666666665,-5.712962962962961,4,-3.067089018843405,-2.6458739441195562,SODANKYLA LOKKA FI
215,197905,40.483870967741936,4.713261648745521,5,3.8892905697688795,0.823971078976641,SODANKYLA LOKKA FI
216,197906,51.983333333333334,11.101851851851851,6,10.392184557438794,0.7096672944130571,SODANKYLA LOKKA FI
217,197907,57.24193548387097,14.023297491039425,7,13.516478342749528,0.5068191482898978,SODANKYLA LOKKA FI
218,197908,53.37096774193548,11.872759856630823,8,10.975930045729823,0.896829810901,SODANKYLA LOKKA FI
219,197909,43.31666666666667,6.287037037037038,9,5.771551724137931,0.5154853128991075,SODANKYLA LOKKA FI
220,197910,24.661290322580644,-4.077060931899641,10,-0.8629959213941413,-3.2140650105055,SODANKYLA LOKKA FI
221,197911,19.85,-6.75,11,-7.512292464878672,0.762292464878672,SODANKYLA LOKKA FI
222,197912,14.096774193548388,-9.946236559139782,12,-12.293752317389698,2.3475157582499158,SODANKYLA LOKKA FI
223,198001,0.8064516129032258,-17.329749103942653,1,-14.708388354398538,-2.621360749544115,SODANKYLA LOKKA FI
224,198002,1.1724137931034482,-17.126436781609193,2,-14.13026099732089,-2.996175784288303,SODANKYLA LOKKA FI
225,198003,10.14516129032258,-12.141577060931901,3,-9.546836026745478,-2.5947410341864234,SODANKYLA LOKKA FI
226,198004,29.15,-1.5833333333333333,4,-3.067089018843405,1.4837556855100715,SODANKYLA LOKKA FI
227,198005,36.516129032258064,2.508960573476702,5,3.8892905697688795,-1.3803299962921773,SODANKYLA LOKKA FI
228,198006,56.86666666666667,13.814814814814815,6,10.392184557438794,3.422630257376021,SODANKYLA LOKKA FI
229,198007,54.24193548387097,12.356630824372761,7,13.516478342749528,-1.1598475183767665,SODANKYLA LOKKA FI
230,198008,50.145161290322584,10.080645161290324,8,10.975930045729823,-0.8952848844394996,SODANKYLA LOKKA FI
231,198009,42.516666666666666,5.842592592592592,9,5.771551724137931,0.07104086845466107,SODANKYLA LOKKA FI
232,198010,27.629032258064516,-2.4283154121863797,10,-0.8629959213941413,-1.5653194907922385,SODANKYLA LOKKA FI
233,198011,10.2,-12.11111111111111,11,-7.512292464878672,-4.598818646232439,SODANKYLA LOKKA FI
234,198012,3.338709677419355,-15.922939068100357,12,-12.293752317389698,-3.6291867507106588,SODANKYLA LOKKA FI
235,198101,8.016129032258064,-13.324372759856637,1,-14.708388354398538,1.3840155945419017,SODANKYLA LOKKA FI
236,198102,3.392857142857143,-15.892857142857144,2,-14.13026099732089,-1.7625961455362535,SODANKYLA LOKKA FI
237,198103,2.806451612903226,-16.21863799283155,3,-9.546836026745478,-6.671801966086072,SODANKYLA LOKKA FI
238,198104,21.716666666666665,-5.712962962962965,4,-3.067089018843405,-2.64587394411956,SODANKYLA LOKKA FI
239,198105,38.11290322580645,3.3960573476702516,5,3.8892905697688795,-0.49323322209862797,SODANKYLA LOKKA FI
240,198106,45.86666666666667,7.703703703703706,6,10.392184557438794,-2.688480853735088,SODANKYLA LOKKA FI
241,198107,56.82258064516129,13.790322580645164,7,13.516478342749528,0.27384423789563606,SODANKYLA LOKKA FI
242,198108,50.04838709677419,10.026881720430108,8,10.975930045729823,-0.9490483252997155,SODANKYLA LOKKA FI
243,198109,41.38333333333333,5.212962962962962,9,5.771551724137931,-0.5585887611749687,SODANKYLA LOKKA FI
244,198110,33.08064516129032,0.6003584229390679,10,-0.8629959213941413,1.4633543443332093,SODANKYLA LOKKA FI
245,198111,17.933333333333334,-7.814814814814813,11,-7.512292464878672,-0.30252234993614113,SODANKYLA LOKKA FI
246,198112,-4.596774193548387,-20.331541218637994,12,-12.293752317389698,-8.037788901248296,SODANKYLA LOKKA FI
247,198201,-5.435483870967742,-20.79749103942652,1,-14.708388354398538,-6.089102685027983,SODANKYLA LOKKA FI
248,198202,13.446428571428571,-10.307539682539684,2,-14.13026099732089,3.822721314781207,SODANKYLA LOKKA FI
249,198203,18.483870967741936,-7.508960573476703,3,-9.546836026745478,2.037875453268775,SODANKYLA LOKKA FI
250,198204,27.333333333333332,-2.592592592592592,4,-3.067089018843405,0.4744964262508127,SODANKYLA LOKKA FI
251,198205,37.91935483870968,3.2885304659498202,5,3.8892905697688795,-0.6007601038190593,SODANKYLA LOKKA FI
252,198206,42.45,5.805555555555555,6,10.392184557438794,-4.586629001883239,SODANKYLA LOKKA FI
253,198207,56.483870967741936,13.602150537634408,7,13.516478342749528,0.08567219488488043,SODANKYLA LOKKA FI
254,198208,50.483870967741936,10.268817204301074,8,10.975930045729823,-0.7071128414287493,SODANKYLA LOKKA FI
255,198209,42.21666666666667,5.675925925925927,9,5.771551724137931,-0.09562579821200323,SODANKYLA LOKKA FI
256,198210,29.79032258064516,-1.2275985663082436,10,-0.8629959213941413,-0.3646026449141023,SODANKYLA LOKKA FI
257,198211,23.516666666666666,-4.712962962962963,11,-7.512292464878672,2.799329501915709,SODANKYLA LOKKA FI
258,198212,14.483870967741936,-9.731182795698926,12,-12.293752317389698,2.5625695216907722,SODANKYLA LOKKA FI
259,198301,10.838709677419354,-11.756272401433694,1,-14.708388354398538,2.952115952964844,SODANKYLA LOKKA FI
260,198302,6.75,-14.027777777777782,2,-14.13026099732089,0.10248321954310846,SODANKYLA LOKKA FI
261,198303,15.983870967741936,-8.897849462365595,3,-9.546836026745478,0.6489865643798822,SODANKYLA LOKKA FI
262,198304,32.18333333333333,0.10185185185185167,4,-3.067089018843405,3.1689408706952564,SODANKYLA LOKKA FI
263,198305,41.24193548387097,5.134408602150537,5,3.8892905697688795,1.2451180323816575,SODANKYLA LOKKA FI
264,198306,50.43333333333333,10.240740740740742,6,10.392184557438794,-0.15144381669805185,SODANKYLA LOKKA FI
265,198307,56.37096774193548,13.53942652329749,7,13.516478342749528,0.022948180547961883,SODANKYLA LOKKA FI
266,198308,49.29032258064516,9.605734767025087,8,10.975930045729823,-1.3701952787047365,SODANKYLA LOKKA FI
267,198309,45.6,7.555555555555556,9,5.771551724137931,1.7840038314176256,SODANKYLA LOKKA FI
268,198310,30.85483870967742,-0.6362007168458782,10,-0.8629959213941413,0.22679520454826307,SODANKYLA LOKKA FI
269,198311,2.45,-16.416666666666668,11,-7.512292464878672,-8.904374201787995,SODANKYLA LOKKA FI
270,198312,1.435483870967742,-16.98028673835125,12,-12.293752317389698,-4.686534420961552,SODANKYLA LOKKA FI
271,198401,6.032258064516129,-14.42652329749104,1,-14.708388354398538,0.28186505690749897,SODANKYLA LOKKA FI
272,198402,17.844827586206897,-7.863984674329502,2,-14.13026099732089,6.266276322991389,SODANKYLA LOKKA FI
273,198403,11.225806451612904,-11.54121863799283,3,-9.546836026745478,-1.994382611247353,SODANKYLA LOKKA FI
274,198404,28.416666666666668,-1.9907407407407411,4,-3.067089018843405,1.0763482781026636,SODANKYLA LOKKA FI
275,198405,44.564516129032256,6.980286738351255,5,3.8892905697688795,3.0909961685823757,SODANKYLA LOKKA FI
276,198406,51.233333333333334,10.685185185185187,6,10.392184557438794,0.2930006277463928,SODANKYLA LOKKA FI
277,198407,53.62903225806452,12.016129032258064,7,13.516478342749528,-1.5003493104914636,SODANKYLA LOKKA FI
278,198408,49.693548387096776,9.829749103942653,8,10.975930045729823,-1.1461809417871702,SODANKYLA LOKKA FI
279,198409,39.88333333333333,4.379629629629631,9,5.771551724137931,-1.3919220945083,SODANKYLA LOKKA FI
280,198410,30.129032258064516,-1.0394265232974909,10,-0.8629959213941413,-0.17643060190334958,SODANKYLA LOKKA FI
281,198411,14.016666666666667,-9.99074074074074,11,-7.512292464878672,-2.4784482758620685,SODANKYLA LOKKA FI
282,198412,18.387096774193548,-7.562724014336916,12,-12.293752317389698,4.731028303052782,SODANKYLA LOKKA FI
283,198501,-9.709677419354838,-23.17204301075269,1,-14.708388354398538,-8.463654656354153,SODANKYLA LOKKA FI
284,198502,-12.178571428571429,-24.54365079365079,2,-14.13026099732089,-10.4133897963299,SODANKYLA LOKKA FI
285,198503,18.225806451612904,-7.652329749103945,3,-9.546836026745478,1.8945062776415327,SODANKYLA LOKKA FI
286,198504,20.25,-6.527777777777778,4,-3.067089018843405,-3.460688758934373,SODANKYLA LOKKA FI
287,198505,34.75806451612903,1.5322580645161286,5,3.8892905697688795,-2.357032505252751,SODANKYLA LOKKA FI
288,198506,50.35,10.194444444444446,6,10.392184557438794,-0.19774011299434768,SODANKYLA LOKKA FI
289,198507,55.854838709677416,13.25268817204301,7,13.516478342749528,-0.26379017070651756,SODANKYLA LOKKA FI
290,198508,53.016129032258064,11.675627240143372,8,10.975930045729823,0.6996971944135488,SODANKYLA LOKKA FI
291,198509,42.68333333333333,5.935185185185186,9,5.771551724137931,0.1636334610472554,SODANKYLA LOKKA FI
292,198510,32.66129032258065,0.36738351254480317,10,-0.8629959213941413,1.2303794339389444,SODANKYLA LOKKA FI
293,198511,17.75,-7.916666666666666,11,-7.512292464878672,-0.4043742017879941,SODANKYLA LOKKA FI
294,198512,-6.5,-21.388888888888886,12,-12.293752317389698,-9.095136571499188,SODANKYLA LOKKA FI
295,198601,-1.0483870967741935,-18.36021505376344,1,-14.708388354398538,-3.651826699364902,SODANKYLA LOKKA FI
296,198602,1.8035714285714286,-16.775793650793652,2,-14.13026099732089,-2.6455326534727615,SODANKYLA LOKKA FI
297,198603,23.596774193548388,-4.6684587813620055,3,-9.546836026745478,4.878377245383472,SODANKYLA LOKKA FI
298,198604,23.483333333333334,-4.731481481481484,4,-3.067089018843405,-1.6643924626380788,SODANKYLA LOKKA FI
299,198605,39.83870967741935,4.35483870967742,5,3.8892905697688795,0.4655481399085404,SODANKYLA LOKKA FI
300,198606,55.9,13.277777777777777,6,10.392184557438794,2.8855932203389827,SODANKYLA LOKKA FI
301,198607,55.03225806451613,12.795698924731184,7,13.516478342749528,-0.7207794180183438,SODANKYLA LOKKA FI
302,198608,48.096774193548384,8.942652329749102,8,10.975930045729823,-2.033277715980722,SODANKYLA LOKKA FI
303,198609,36.65,2.583333333333335,9,5.771551724137931,-3.188218390804596,SODANKYLA LOKKA FI
304,198610,32.79032258064516,0.4390681003584228,10,-0.8629959213941413,1.302064021752564,SODANKYLA LOKKA FI
305,198611,24.816666666666666,-3.990740740740741,11,-7.512292464878672,3.521551724137931,SODANKYLA LOKKA FI
306,198612,-5.741935483870968,-20.967741935483872,12,-12.293752317389698,-8.673989618094174,SODANKYLA LOKKA FI
307,198701,-9.225806451612904,-22.903225806451616,1,-14.708388354398538,-8.194837452053077,SODANKYLA LOKKA FI
308,198702,0.8928571428571429,-17.28174603174603,2,-14.13026099732089,-3.151485034425141,SODANKYLA LOKKA FI
309,198703,12.016129032258064,-11.102150537634412,3,-9.546836026745478,-1.555314510888934,SODANKYLA LOKKA FI
310,198704,23.266666666666666,-4.851851851851852,4,-3.067089018843405,-1.7847628330084473,SODANKYLA LOKKA FI
311,198705,37.693548387096776,3.163082437275986,5,3.8892905697688795,-0.7262081324928937,SODANKYLA LOKKA FI
312,198706,50.016666666666666,10.00925925925926,6,10.392184557438794,-0.3829252981795346,SODANKYLA LOKKA FI
313,198707,52.225806451612904,11.236559139784948,7,13.516478342749528,-2.27991920296458,SODANKYLA LOKKA FI
314,198708,47.46774193548387,8.593189964157707,8,10.975930045729823,-2.3827400815721163,SODANKYLA LOKKA FI
315,198709,42.4,5.7777777777777795,9,5.771551724137931,0.00622605363984885,SODANKYLA LOKKA FI
316,198710,40.854838709677416,4.919354838709676,10,-0.8629959213941413,5.782350760103817,SODANKYLA LOKKA FI
317,198711,15.4,-9.222222222222223,11,-7.512292464878672,-1.7099297573435512,SODANKYLA LOKKA FI
318,198712,1.3064516129032258,-17.051971326164875,12,-12.293752317389698,-4.758219008775177,SODANKYLA LOKKA FI
319,198801,7.548387096774194,-13.584229390681005,1,-14.708388354398538,1.1241589637175338,SODANKYLA LOKKA FI
320,198802,7.120689655172414,-13.821839080459773,2,-14.13026099732089,0.30842191686111775,SODANKYLA LOKKA FI
321,198803,16.29032258064516,-8.727598566308243,3,-9.546836026745478,0.8192374604372343,SODANKYLA LOKKA FI
322,198804,21.05,-6.083333333333334,4,-3.067089018843405,-3.016244314489929,SODANKYLA LOKKA FI
323,198805,38.62903225806452,3.682795698924732,5,3.8892905697688795,-0.20649487084414764,SODANKYLA LOKKA FI
324,198806,53.36666666666667,11.87037037037037,6,10.392184557438794,1.4781858129315761,SODANKYLA LOKKA FI
325,198807,59.725806451612904,15.403225806451617,7,13.516478342749528,1.8867474637020898,SODANKYLA LOKKA FI
326,198808,52.016129032258064,11.120071684587812,8,10.975930045729823,0.14414163885798814,SODANKYLA LOKKA FI
327,198809,44.31666666666667,6.842592592592592,9,5.771551724137931,1.071040868454661,SODANKYLA LOKKA FI
328,198810,30.43548387096774,-0.8691756272401435,10,-0.8629959213941413,-0.006179705846002248,SODANKYLA LOKKA FI
329,198811,8.783333333333333,-12.898148148148147,11,-7.512292464878672,-5.385855683269475,SODANKYLA LOKKA FI
330,198812,1.2096774193548387,-17.105734767025087,12,-12.293752317389698,-4.811982449635389,SODANKYLA LOKKA FI
331,198901,13.048387096774194,-10.52867383512545,1,-14.708388354398538,4.179714519273089,SODANKYLA LOKKA FI
332,198902,14.0,-10.000000000000002,2,-14.13026099732089,4.130260997320889,SODANKYLA LOKKA FI
333,198903,25.580645161290324,-3.566308243727599,3,-9.546836026745478,5.9805277830178785,SODANKYLA LOKKA FI
334,198904,32.71666666666667,0.3981481481481478,4,-3.067089018843405,3.4652371669915527,SODANKYLA LOKKA FI
335,198905,43.016129032258064,6.120071684587814,5,3.8892905697688795,2.2307811148189347,SODANKYLA LOKKA FI
336,198906,53.85,12.13888888888889,6,10.392184557438794,1.7467043314500952,SODANKYLA LOKKA FI
337,198907,55.306451612903224,12.948028673835124,7,13.516478342749528,-0.5684496689144041,SODANKYLA LOKKA FI
338,198908,52.29032258064516,11.272401433691757,8,10.975930045729823,0.2964713879619332,SODANKYLA LOKKA FI
339,198909,43.03333333333333,6.129629629629631,9,5.771551724137931,0.35807790549170004,SODANKYLA LOKKA FI
340,198910,29.403225806451612,-1.4426523297491038,10,-0.8629959213941413,-0.5796564083549626,SODANKYLA LOKKA FI
341,198911,23.2,-4.888888888888889,11,-7.512292464878672,2.6234035759897827,SODANKYLA LOKKA FI
342,198912,8.483870967741936,-13.064516129032258,12,-12.293752317389698,-0.7707638116425599,SODANKYLA LOKKA FI
343,199001,1.8387096774193548,-16.75627240143369,1,-14.708388354398538,-2.0478840470351525,SODANKYLA LOKKA FI
344,199002,24.696428571428573,-4.057539682539682,2,-14.13026099732089,10.072721314781209,SODANKYLA LOKKA FI
345,199003,17.548387096774192,-8.028673835125447,3,-9.546836026745478,1.5181621916200303,SODANKYLA LOKKA FI
346,199004,30.316666666666666,-0.9351851851851859,4,-3.067089018843405,2.131903833658219,SODANKYLA LOKKA FI
347,199005,38.03225806451613,3.3512544802867383,5,3.8892905697688795,-0.5380360894821412,SODANKYLA LOKKA FI
348,199006,49.56666666666667,9.759259259259261,6,10.392184557438794,-0.6329252981795328,SODANKYLA LOKKA FI
349,199007,56.41935483870968,13.566308243727596,7,13.516478342749528,0.049829900978068054,SODANKYLA LOKKA FI
350,199008,52.403225806451616,11.335125448028673,8,10.975930045729823,0.35919540229884994,SODANKYLA LOKKA FI
351,199009,40.43333333333333,4.685185185185184,9,5.771551724137931,-1.0863665389527464,SODANKYLA LOKKA FI
352,199010,31.14516129032258,-0.47491039426523296,10,-0.8629959213941413,0.3880855271289083,SODANKYLA LOKKA FI
353,199011,12.85,-10.638888888888888,11,-7.512292464878672,-3.1265964240102155,SODANKYLA LOKKA FI
354,199012,18.483870967741936,-7.508960573476705,12,-12.293752317389698,4.784791743912993,SODANKYLA LOKKA FI
355,199101,8.129032258064516,-13.261648745519715,1,-14.708388354398538,1.4467396088788238,SODANKYLA LOKKA FI
356,199102,2.5892857142857144,-16.339285714285715,2,-14.13026099732089,-2.2090247169648247,SODANKYLA LOKKA FI
357,199103,12.225806451612904,-10.985663082437279,3,-9.546836026745478,-1.4388270556918012,SODANKYLA LOKKA FI
358,199104,28.05,-2.194444444444444,4,-3.067089018843405,0.8726445743989606,SODANKYLA LOKKA FI
359,199105,35.79032258064516,2.1057347670250897,5,3.8892905697688795,-1.7835558027437899,SODANKYLA LOKKA FI
360,199106,49.75,9.86111111111111,6,10.392184557438794,-0.5310734463276834,SODANKYLA LOKKA FI
361,199107,55.806451612903224,13.225806451612904,7,13.516478342749528,-0.29067189113662373,SODANKYLA LOKKA FI
362,199108,53.354838709677416,11.86379928315412,8,10.975930045729823,0.8878692374242974,SODANKYLA LOKKA FI
363,199109,39.483333333333334,4.157407407407407,9,5.771551724137931,-1.6141443167305232,SODANKYLA LOKKA FI
364,199110,32.58064516129032,0.3225806451612902,10,-0.8629959213941413,1.1855765665554314,SODANKYLA LOKKA FI
365,199111,24.35,-4.249999999999999,11,-7.512292464878672,3.262292464878673,SODANKYLA LOKKA FI
366,199112,13.741935483870968,-10.14336917562724,12,-12.293752317389698,2.1503831417624575,SODANKYLA LOKKA FI
367,199201,14.951612903225806,-9.471326164874547,1,-14.708388354398538,5.237062189523991,SODANKYLA LOKKA FI
368,199202,17.03448275862069,-8.314176245210728,2,-14.13026099732089,5.816084752110163,SODANKYLA LOKKA FI
369,199203,23.306451612903224,-4.829749103942652,3,-9.546836026745478,4.717086922802825,SODANKYLA LOKKA FI
370,199204,21.7,-5.722222222222223,4,-3.067089018843405,-2.6551332033788184,SODANKYLA LOKKA FI
371,199205,42.45161290322581,5.806451612903226,5,3.8892905697688795,1.9171610431343464,SODANKYLA LOKKA FI
372,199206,54.083333333333336,12.26851851851852,6,10.392184557438794,1.8763339610797267,SODANKYLA LOKKA FI
373,199207,52.274193548387096,11.263440860215054,7,13.516478342749528,-2.2530374825344737,SODANKYLA LOKKA FI
374,199208,48.274193548387096,9.041218637992833,8,10.975930045729823,-1.934711407736991,SODANKYLA LOKKA FI
375,199209,46.516666666666666,8.064814814814815,9,5.771551724137931,2.2932630906768843,SODANKYLA LOKKA FI
376,199210,16.241935483870968,-8.754480286738351,10,-0.8629959213941413,-7.89148436534421,SODANKYLA LOKKA FI
377,199211,12.683333333333334,-10.73148148148148,11,-7.512292464878672,-3.219189016602807,SODANKYLA LOKKA FI
378,199212,21.20967741935484,-5.994623655913979,12,-12.293752317389698,6.299128661475719,SODANKYLA LOKKA FI
379,199301,12.661290322580646,-10.74372759856631,1,-14.708388354398538,3.964660755832229,SODANKYLA LOKKA FI
380,199302,11.821428571428571,-11.210317460317459,2,-14.13026099732089,2.919943537003432,SODANKYLA LOKKA FI
381,199303,16.338709677419356,-8.700716845878135,3,-9.546836026745478,0.8461191808673423,SODANKYLA LOKKA FI
382,199304,24.5,-4.166666666666666,4,-3.067089018843405,-1.0995776478232613,SODANKYLA LOKKA FI
383,199305,39.75806451612903,4.310035842293906,5,3.8892905697688795,0.42074527252502625,SODANKYLA LOKKA FI
384,199306,44.75,7.083333333333333,6,10.392184557438794,-3.308851224105461,SODANKYLA LOKKA FI
385,199307,56.82258064516129,13.790322580645162,7,13.516478342749528,0.2738442378956343,SODANKYLA LOKKA FI
386,199308,51.564516129032256,10.869175627240143,8,10.975930045729823,-0.1067544184896807,SODANKYLA LOKKA FI
387,199309,35.81666666666667,2.1203703703703707,9,5.771551724137931,-3.65118135376756,SODANKYLA LOKKA FI
388,199310,23.64516129032258,-4.641577060931899,10,-0.8629959213941413,-3.778581139537758,SODANKYLA LOKKA FI
389,199311,21.266666666666666,-5.962962962962963,11,-7.512292464878672,1.5493295019157092,SODANKYLA LOKKA FI
390,199312,13.14516129032258,-10.474910394265233,12,-12.293752317389698,1.8188419231244648,SODANKYLA LOKKA FI
391,199401,3.467741935483871,-15.85125448028674,1,-14.708388354398538,-1.142866125888201,SODANKYLA LOKKA FI
392,199402,6.946428571428571,-13.918650793650793,2,-14.13026099732089,0.21161020367009797,SODANKYLA LOKKA FI
393,199403,17.838709677419356,-7.867383512544802,3,-9.546836026745478,1.6794525142006753,SODANKYLA LOKKA FI
394,199404,32.61666666666667,0.34259259259259256,4,-3.067089018843405,3.4096816114359974,SODANKYLA LOKKA FI
395,199405,36.74193548387097,2.634408602150538,5,3.8892905697688795,-1.2548819676183416,SODANKYLA LOKKA FI
396,199406,49.88333333333333,9.935185185185185,6,10.392184557438794,-0.456999372253609,SODANKYLA LOKKA FI
397,199407,56.08064516129032,13.378136200716847,7,13.516478342749528,-0.13834214203268047,SODANKYLA LOKKA FI
398,199408,52.516129032258064,11.397849462365592,8,10.975930045729823,0.4219194166357685,SODANKYLA LOKKA FI
399,199409,39.96666666666667,4.4259259259259265,9,5.771551724137931,-1.3456257982120041,SODANKYLA LOKKA FI
400,199410,30.080645161290324,-1.0663082437275986,10,-0.8629959213941413,-0.2033123223334573,SODANKYLA LOKKA FI
401,199411,15.966666666666667,-8.90740740740741,11,-7.512292464878672,-1.3951149425287381,SODANKYLA LOKKA FI
402,199412,19.887096774193548,-6.729390681003584,12,-12.293752317389698,5.564361636386114,SODANKYLA LOKKA FI
403,199501,13.580645161290322,-10.232974910394265,1,-14.708388354398538,4.475413444004273,SODANKYLA LOKKA FI
404,199502,15.428571428571429,-9.206349206349206,2,-14.13026099732089,4.923911790971685,SODANKYLA LOKKA FI
405,199503,23.548387096774192,-4.695340501792115,3,-9.546836026745478,4.8514955249533624,SODANKYLA LOKKA FI
406,199504,26.3,-3.1666666666666665,4,-3.067089018843405,-0.09957764782326173,SODANKYLA LOKKA FI
407,199505,36.08064516129032,2.267025089605735,5,3.8892905697688795,-1.6222654801631444,SODANKYLA LOKKA FI
408,199506,53.1,11.722222222222223,6,10.392184557438794,1.330037664783429,SODANKYLA LOKKA FI
409,199507,52.45161290322581,11.362007168458783,7,13.516478342749528,-2.1544711742907445,SODANKYLA LOKKA FI
410,199508,51.45161290322581,10.806451612903228,8,10.975930045729823,-0.1694784328265957,SODANKYLA LOKKA FI
411,199509,40.95,4.9722222222222205,9,5.771551724137931,-0.7993295019157101,SODANKYLA LOKKA FI
412,199510,30.177419354838708,-1.0125448028673834,10,-0.8629959213941413,-0.14954888147324208,SODANKYLA LOKKA FI
413,199511,7.866666666666666,-13.407407407407408,11,-7.512292464878672,-5.895114942528736,SODANKYLA LOKKA FI
414,199512,1.7903225806451613,-16.783154121863802,12,-12.293752317389698,-4.489401804474104,SODANKYLA LOKKA FI
415,199601,14.483870967741936,-9.731182795698926,1,-14.708388354398538,4.9772055586996125,SODANKYLA LOKKA FI
416,199602,5.379310344827586,-14.789272030651343,2,-14.13026099732089,-0.6590110333304526,SODANKYLA LOKKA FI
417,199603,18.677419354838708,-7.401433691756272,3,-9.546836026745478,2.145402334989206,SODANKYLA LOKKA FI
418,199604,24.066666666666666,-4.4074074074074066,4,-3.067089018843405,-1.3403183885640018,SODANKYLA LOKKA FI
419,199605,31.612903225806452,-0.21505376344085994,5,3.8892905697688795,-4.104344333209739,SODANKYLA LOKKA FI
420,199606,47.083333333333336,8.379629629629628,6,10.392184557438794,-2.012554927809166,SODANKYLA LOKKA FI
421,199607,53.225806451612904,11.792114695340501,7,13.516478342749528,-1.7243636474090263,SODANKYLA LOKKA FI
422,199608,55.145161290322584,12.858422939068099,8,10.975930045729823,1.8824928933382754,SODANKYLA LOKKA FI
423,199609,40.46666666666667,4.703703703703705,9,5.771551724137931,-1.0678480204342256,SODANKYLA LOKKA FI
424,199610,33.54838709677419,0.8602150537634412,10,-0.8629959213941413,1.7232109751575826,SODANKYLA LOKKA FI
425,199611,22.3,-5.388888888888889,11,-7.512292464878672,2.1234035759897827,SODANKYLA LOKKA FI
426,199612,7.354838709677419,-13.691756272401435,12,-12.293752317389698,-1.3980039550117365,SODANKYLA LOKKA FI
427,199701,4.483870967741935,-15.286738351254481,1,-14.708388354398538,-0.5783499968559429,SODANKYLA LOKKA FI
428,199702,7.964285714285714,-13.353174603174606,2,-14.13026099732089,0.7770863941462842,SODANKYLA LOKKA FI
429,199703,16.903225806451612,-8.38709677419355,3,-9.546836026745478,1.159739252551928,SODANKYLA LOKKA FI
430,199704,18.583333333333332,-7.453703703703703,4,-3.067089018843405,-4.386614684860298,SODANKYLA LOKKA FI
431,199705,36.145161290322584,2.302867383512545,5,3.8892905697688795,-1.5864231862563347,SODANKYLA LOKKA FI
432,199706,52.56666666666667,11.425925925925927,6,10.392184557438794,1.0337413684871333,SODANKYLA LOKKA FI
433,199707,58.903225806451616,14.946236559139786,7,13.516478342749528,1.4297582163902582,SODANKYLA LOKKA FI
434,199708,54.516129032258064,12.5089605734767,8,10.975930045729823,1.5330305277468774,SODANKYLA LOKKA FI
435,199709,45.166666666666664,7.314814814814815,9,5.771551724137931,1.5432630906768843,SODANKYLA LOKKA FI
436,199710,28.43548387096774,-1.9802867383512548,10,-0.8629959213941413,-1.1172908169571136,SODANKYLA LOKKA FI
437,199711,18.066666666666666,-7.740740740740742,11,-7.512292464878672,-0.22844827586207028,SODANKYLA LOKKA FI
438,199712,13.209677419354838,-10.439068100358424,12,-12.293752317389698,1.8546842170312736,SODANKYLA LOKKA FI
439,199801,7.967741935483871,-13.351254480286736,1,-14.708388354398538,1.3571338741118026,SODANKYLA LOKKA FI
440,199802,-6.375,-21.31944444444444,2,-14.13026099732089,-7.189183447123549,SODANKYLA LOKKA FI
441,199803,10.35483870967742,-12.02508960573477,3,-9.546836026745478,-2.4782535789892925,SODANKYLA LOKKA FI
442,199804,21.033333333333335,-6.0925925925925934,4,-3.067089018843405,-3.0255035737491887,SODANKYLA LOKKA FI
443,199805,36.75806451612903,2.6433691756272397,5,3.8892905697688795,-1.2459213941416398,SODANKYLA LOKKA FI
444,199806,47.8,8.777777777777779,6,10.392184557438794,-1.6144067796610155,SODANKYLA LOKKA FI
445,199807,59.25806451612903,15.143369175627242,7,13.516478342749528,1.6268908328777147,SODANKYLA LOKKA FI
446,199808,50.41935483870968,10.232974910394265,8,10.975930045729823,-0.7429551353355581,SODANKYLA LOKKA FI
447,199809,41.666666666666664,5.370370370370371,9,5.771551724137931,-0.4011813537675595,SODANKYLA LOKKA FI
448,199810,31.532258064516128,-0.2598566308243727,10,-0.8629959213941413,0.6031392905697686,SODANKYLA LOKKA FI
449,199811,12.533333333333333,-10.814814814814815,11,-7.512292464878672,-3.302522349936143,SODANKYLA LOKKA FI
450,199812,8.03225806451613,-13.315412186379927,12,-12.293752317389698,-1.0216598689902288,SODANKYLA LOKKA FI
451,199901,-0.7741935483870968,-18.207885304659495,1,-14.708388354398538,-3.4994969502609568,SODANKYLA LOKKA FI
452,199902,5.571428571428571,-14.682539682539685,2,-14.13026099732089,-0.5522786852187949,SODANKYLA LOKKA FI
453,199903,17.419354838709676,-8.100358422939069,3,-9.546836026745478,1.446477603806409,SODANKYLA LOKKA FI
454,199904,28.7,-1.8333333333333337,4,-3.067089018843405,1.233755685510071,SODANKYLA LOKKA FI
455,199905,34.0,1.1111111111111114,5,3.8892905697688795,-2.7781794586577684,SODANKYLA LOKKA FI
456,199906,56.06666666666667,13.370370370370372,6,10.392184557438794,2.978185812931578,SODANKYLA LOKKA FI
457,199907,57.87096774193548,14.372759856630822,7,13.516478342749528,0.856281513881294,SODANKYLA LOKKA FI
458,199908,48.29032258064516,9.050179211469533,8,10.975930045729823,-1.92575083426029,SODANKYLA LOKKA FI
459,199909,46.25,7.916666666666668,9,5.771551724137931,2.1451149425287372,SODANKYLA LOKKA FI
460,199910,34.596774193548384,1.4426523297491036,10,-0.8629959213941413,2.305648251143245,SODANKYLA LOKKA FI
461,199911,23.9,-4.5,11,-7.512292464878672,3.012292464878672,SODANKYLA LOKKA FI
462,199912,5.919354838709677,-14.489247311827958,12,-12.293752317389698,-2.19549499443826,SODANKYLA LOKKA FI
463,200001,8.96774193548387,-12.795698924731184,1,-14.708388354398538,1.9126894296673544,SODANKYLA LOKKA FI
464,200002,11.379310344827585,-11.45593869731801,2,-14.13026099732089,2.6743223000028813,SODANKYLA LOKKA FI
465,200003,17.725806451612904,-7.930107526881722,3,-9.546836026745478,1.6167284998637559,SODANKYLA LOKKA FI
466,200004,28.833333333333332,-1.759259259259259,4,-3.067089018843405,1.3078297595841457,SODANKYLA LOKKA FI
467,200005,40.67741935483871,4.82078853046595,5,3.8892905697688795,0.9314979606970701,SODANKYLA LOKKA FI
468,200006,51.15,10.638888888888893,6,10.392184557438794,0.24670433145009873,SODANKYLA LOKKA FI
469,200007,58.61290322580645,14.784946236559142,7,13.516478342749528,1.268467893809614,SODANKYLA LOKKA FI
470,200008,52.403225806451616,11.335125448028673,8,10.975930045729823,0.35919540229884994,SODANKYLA LOKKA FI
471,200009,43.53333333333333,6.407407407407407,9,5.771551724137931,0.6358556832694768,SODANKYLA LOKKA FI
472,200010,39.24193548387097,4.023297491039427,10,-0.8629959213941413,4.886293412433568,SODANKYLA LOKKA FI
473,200011,26.866666666666667,-2.8518518518518525,11,-7.512292464878672,4.66044061302682,SODANKYLA LOKKA FI
474,200012,11.951612903225806,-11.137992831541219,12,-12.293752317389698,1.1557594858484794,SODANKYLA LOKKA FI
475,200101,18.193548387096776,-7.670250896057349,1,-14.708388354398538,7.038137458341189,SODANKYLA LOKKA FI
476,200102,4.071428571428571,-15.515873015873018,2,-14.13026099732089,-1.385612018552127,SODANKYLA LOKKA FI
477,200103,5.161290322580645,-14.910394265232975,3,-9.546836026745478,-5.363558238487498,SODANKYLA LOKKA FI
478,200104,25.65,-3.5277777777777786,4,-3.067089018843405,-0.4606887589343738,SODANKYLA LOKKA FI
479,200105,37.70967741935484,3.172043010752689,5,3.8892905697688795,-0.7172475590161906,SODANKYLA LOKKA FI
480,200106,54.983333333333334,12.768518518518523,6,10.392184557438794,2.3763339610797285,SODANKYLA LOKKA FI
481,200107,57.45161290322581,14.139784946236558,7,13.516478342749528,0.6233066034870305,SODANKYLA LOKKA FI
482,200108,51.725806451612904,10.958781362007167,8,10.975930045729823,-0.01714868372265599,SODANKYLA LOKKA FI
483,200109,46.166666666666664,7.87037037037037,9,5.771551724137931,2.0988186462324396,SODANKYLA LOKKA FI
484,200110,30.85483870967742,-0.6362007168458781,10,-0.8629959213941413,0.22679520454826319,SODANKYLA LOKKA FI
485,200111,16.35,-8.694444444444446,11,-7.512292464878672,-1.1821519795657744,SODANKYLA LOKKA FI
486,200112,6.225806451612903,-14.318996415770608,12,-12.293752317389698,-2.0252440983809095,SODANKYLA LOKKA FI
487,200201,5.806451612903226,-14.551971326164876,1,-14.708388354398538,0.15641702823366188,SODANKYLA LOKKA FI
488,200202,12.232142857142858,-10.982142857142861,2,-14.13026099732089,3.1481181401780294,SODANKYLA LOKKA FI
489,200203,15.258064516129032,-9.301075268817202,3,-9.546836026745478,0.24576075792827545,SODANKYLA LOKKA FI
490,200204,34.266666666666666,1.259259259259259,4,-3.067089018843405,4.326348278102664,SODANKYLA LOKKA FI
491,200205,41.45161290322581,5.25089605734767,5,3.8892905697688795,1.3616054875787902,SODANKYLA LOKKA FI
492,200206,54.083333333333336,12.268518518518517,6,10.392184557438794,1.8763339610797232,SODANKYLA LOKKA FI
493,200207,59.24193548387097,15.134408602150538,7,13.516478342749528,1.6179302594010103,SODANKYLA LOKKA FI
494,200208,53.306451612903224,11.836917562724011,8,10.975930045729823,0.8609875169941876,SODANKYLA LOKKA FI
495,200209,41.21666666666667,5.12037037037037,9,5.771551724137931,-0.6511813537675604,SODANKYLA LOKKA FI
496,200210,27.080645161290324,-2.7329749103942653,10,-0.8629959213941413,-1.8699789890001242,SODANKYLA LOKKA FI
497,200211,8.883333333333333,-12.842592592592593,11,-7.512292464878672,-5.3303001277139215,SODANKYLA LOKKA FI
498,200212,3.306451612903226,-15.940860215053762,12,-12.293752317389698,-3.647107897664064,SODANKYLA LOKKA FI
499,200301,-5.564516129032258,-20.86917562724015,1,-14.708388354398538,-6.1607872728416115,SODANKYLA LOKKA FI
500,200302,17.607142857142858,-7.996031746031746,2,-14.13026099732089,6.1342292512891445,SODANKYLA LOKKA FI
501,200303,23.129032258064516,-4.9283154121863815,3,-9.546836026745478,4.618520614559096,SODANKYLA LOKKA FI
502,200304,26.4,-3.1111111111111103,4,-3.067089018843405,-0.04402209226770548,SODANKYLA LOKKA FI
503,200305,42.17741935483871,5.654121863799284,5,3.8892905697688795,1.764831294030404,SODANKYLA LOKKA FI
504,200306,47.95,8.861111111111112,6,10.392184557438794,-1.5310734463276816,SODANKYLA LOKKA FI
505,200307,62.75806451612903,17.087813620071685,7,13.516478342749528,3.5713352773221576,SODANKYLA LOKKA FI
506,200308,53.016129032258064,11.675627240143374,8,10.975930045729823,0.6996971944135506,SODANKYLA LOKKA FI
507,200309,42.516666666666666,5.8425925925925934,9,5.771551724137931,0.07104086845466284,SODANKYLA LOKKA FI
508,200310,31.919354838709676,-0.04480286738351305,10,-0.8629959213941413,0.8181930540106283,SODANKYLA LOKKA FI
509,200311,23.683333333333334,-4.620370370370371,11,-7.512292464878672,2.891922094508301,SODANKYLA LOKKA FI
510,200312,9.612903225806452,-12.437275985663083,12,-12.293752317389698,-0.14352366827338514,SODANKYLA LOKKA FI
511,200401,11.016129032258064,-11.657706093189967,1,-14.708388354398538,3.0506822612085713,SODANKYLA LOKKA FI
512,200402,8.293103448275861,-13.170498084291188,2,-14.13026099732089,0.959762913029703,SODANKYLA LOKKA FI
513,200403,18.951612903225808,-7.24910394265233,3,-9.546836026745478,2.2977320840931474,SODANKYLA LOKKA FI
514,200404,28.5,-1.9444444444444453,4,-3.067089018843405,1.1226445743989595,SODANKYLA LOKKA FI
515,200405,39.25806451612903,4.03225806451613,5,3.8892905697688795,0.14296749474725035,SODANKYLA LOKKA FI
516,200406,49.266666666666666,9.592592592592592,6,10.392184557438794,-0.7995919648462024,SODANKYLA LOKKA FI
517,200407,60.46774193548387,15.81541218637993,7,13.516478342749528,2.2989338436304028,SODANKYLA LOKKA FI
518,200408,52.774193548387096,11.541218637992833,8,10.975930045729823,0.5652885922630091,SODANKYLA LOKKA FI
519,200409,44.016666666666666,6.675925925925927,9,5.771551724137931,0.9043742017879968,SODANKYLA LOKKA FI
520,200410,31.403225806451612,-0.3315412186379929,10,-0.8629959213941413,0.5314547027561484,SODANKYLA LOKKA FI
521,200411,16.65,-8.527777777777779,11,-7.512292464878672,-1.0154853128991066,SODANKYLA LOKKA FI
522,200412,16.548387096774192,-8.584229390681003,12,-12.293752317389698,3.7095229267086953,SODANKYLA LOKKA FI
523,200501,15.903225806451612,-8.942652329749105,1,-14.708388354398538,5.765736024649433,SODANKYLA LOKKA FI
524,200502,12.428571428571429,-10.873015873015872,2,-14.13026099732089,3.257245124305019,SODANKYLA LOKKA FI
525,200503,10.290322580645162,-12.060931899641574,3,-9.546836026745478,-2.514095872896096,SODANKYLA LOKKA FI
526,200504,29.766666666666666,-1.2407407407407407,4,-3.067089018843405,1.826348278102664,SODANKYLA LOKKA FI
527,200505,37.91935483870968,3.288530465949821,5,3.8892905697688795,-0.6007601038190584,SODANKYLA LOKKA FI
528,200506,53.35,11.86111111111111,6,10.392184557438794,1.4689265536723166,SODANKYLA LOKKA FI
529,200507,58.87096774193548,14.928315412186382,7,13.516478342749528,1.4118370694368547,SODANKYLA LOKKA FI
530,200508,55.04838709677419,12.804659498207888,8,10.975930045729823,1.8287294524780648,SODANKYLA LOKKA FI
531,200509,44.11666666666667,6.731481481481482,9,5.771551724137931,0.9599297573435512,SODANKYLA LOKKA FI
532,200510,36.225806451612904,2.3476702508960576,10,-0.8629959213941413,3.210666172290199,SODANKYLA LOKKA FI
533,200511,29.683333333333334,-1.2870370370370372,11,-7.512292464878672,6.225255427841635,SODANKYLA LOKKA FI
534,200512,13.080645161290322,-10.510752688172044,12,-12.293752317389698,1.7829996292176542,SODANKYLA LOKKA FI
535,200601,10.758064516129032,-11.801075268817204,1,-14.708388354398538,2.9073130855813343,SODANKYLA LOKKA FI
536,200602,4.285714285714286,-15.396825396825397,2,-14.13026099732089,-1.2665643995045066,SODANKYLA LOKKA FI
537,200603,8.633333333333333,-12.981481481481486,3,-9.546836026745478,-3.4346454547360086,SODANKYLA LOKKA FI
538,200604,32.95,0.5277777777777776,4,-3.067089018843405,3.5948667966211825,SODANKYLA LOKKA FI
539,200605,41.53225806451613,5.295698924731183,5,3.8892905697688795,1.4064083549623034,SODANKYLA LOKKA FI
540,200606,54.06666666666667,12.259259259259261,6,10.392184557438794,1.8670747018204672,SODANKYLA LOKKA FI
541,200607,55.935483870967744,13.297491039426527,7,13.516478342749528,-0.21898730332300076,SODANKYLA LOKKA FI
542,200608,55.54838709677419,13.082437275985667,8,10.975930045729823,2.1065072302558434,SODANKYLA LOKKA FI
543,200609,43.55,6.416666666666668,9,5.771551724137931,0.6451149425287372,SODANKYLA LOKKA FI
544,200610,28.080645161290324,-2.17741935483871,10,-0.8629959213941413,-1.3144234334445688,SODANKYLA LOKKA FI
545,200611,19.866666666666667,-6.740740740740742,11,-7.512292464878672,0.7715517241379297,SODANKYLA LOKKA FI
546,200612,21.225806451612904,-5.985663082437276,12,-12.293752317389698,6.308089234952422,SODANKYLA LOKKA FI
547,200701,7.225806451612903,-13.763440860215054,1,-14.708388354398538,0.9449474941834843,SODANKYLA LOKKA FI
548,200702,-3.5357142857142856,-19.742063492063494,2,-14.13026099732089,-5.611802494742603,SODANKYLA LOKKA FI
549,200703,25.741935483870968,-3.4767025089605736,3,-9.546836026745478,6.070133517784904,SODANKYLA LOKKA FI
550,200704,27.75,-2.3611111111111116,4,-3.067089018843405,0.7059779077322932,SODANKYLA LOKKA FI
551,200705,38.903225806451616,3.835125448028674,5,3.8892905697688795,-0.05416512174020571,SODANKYLA LOKKA FI
552,200706,50.65,10.361111111111114,6,10.392184557438794,-0.031073446327679832,SODANKYLA LOKKA FI
553,200707,55.67741935483871,13.154121863799281,7,13.516478342749528,-0.3623564789502467,SODANKYLA LOKKA FI
554,200708,54.064516129032256,12.258064516129028,8,10.975930045729823,1.282134470399205,SODANKYLA LOKKA FI
555,200709,41.4,5.222222222222223,9,5.771551724137931,-0.5493295019157074,SODANKYLA LOKKA FI
556,200710,37.806451612903224,3.225806451612903,10,-0.8629959213941413,4.088802373007044,SODANKYLA LOKKA FI
557,200711,19.75,-6.805555555555555,11,-7.512292464878672,0.7067369093231166,SODANKYLA LOKKA FI
558,200712,23.79032258064516,-4.560931899641577,12,-12.293752317389698,7.732820417748121,SODANKYLA LOKKA FI
559,200801,15.0,-9.444444444444446,1,-14.708388354398538,5.263943909954092,SODANKYLA LOKKA FI
560,200802,11.89655172413793,-11.168582375478927,2,-14.13026099732089,2.9616786218419637,SODANKYLA LOKKA FI
561,200803,13.709677419354838,-10.161290322580644,3,-9.546836026745478,-0.6144542958351664,SODANKYLA LOKKA FI
562,200804,26.433333333333334,-3.0925925925925926,4,-3.067089018843405,-0.02550357374918777,SODANKYLA LOKKA FI
563,200805,36.58064516129032,2.544802867383513,5,3.8892905697688795,-1.3444877023853667,SODANKYLA LOKKA FI
564,200806,49.46666666666667,9.703703703703704,6,10.392184557438794,-0.6884808537350899,SODANKYLA LOKKA FI
565,200807,54.70967741935484,12.616487455197136,7,13.516478342749528,-0.8999908875523914,SODANKYLA LOKKA FI
566,200808,48.725806451612904,9.2921146953405,8,10.975930045729823,-1.6838153503893238,SODANKYLA LOKKA FI
567,200809,40.46666666666667,4.703703703703703,9,5.771551724137931,-1.0678480204342273,SODANKYLA LOKKA FI
568,200810,33.38709677419355,0.7706093189964159,10,-0.8629959213941413,1.6336052403905572,SODANKYLA LOKKA FI
569,200811,18.966666666666665,-7.240740740740742,11,-7.512292464878672,0.2715517241379297,SODANKYLA LOKKA FI
570,200812,22.467741935483872,-5.295698924731182,12,-12.293752317389698,6.998053392658516,SODANKYLA LOKKA FI
571,200901,8.85483870967742,-12.8584229390681,1,-14.708388354398538,1.8499654153304377,SODANKYLA LOKKA FI
572,200902,8.285714285714286,-13.174603174603172,2,-14.13026099732089,0.9556578227177184,SODANKYLA LOKKA FI
573,200903,16.20967741935484,-8.772401433691757,3,-9.546836026745478,0.7744345930537211,SODANKYLA LOKKA FI
574,200904,25.15,-3.805555555555556,4,-3.067089018843405,-0.738466536712151,SODANKYLA LOKKA FI
575,200905,43.25806451612903,6.25448028673835,5,3.8892905697688795,2.365189716969471,SODANKYLA LOKKA FI
576,200906,50.06666666666667,10.037037037037036,6,10.392184557438794,-0.3551475204017578,SODANKYLA LOKKA FI
577,200907,54.774193548387096,12.652329749103943,7,13.516478342749528,-0.8641485936455844,SODANKYLA LOKKA FI
578,200908,55.193548387096776,12.885304659498212,8,10.975930045729823,1.9093746137683887,SODANKYLA LOKKA FI
579,200909,46.11666666666667,7.8425925925925934,9,5.771551724137931,2.071040868454663,SODANKYLA LOKKA FI
580,200910,26.177419354838708,-3.234767025089605,10,-0.8629959213941413,-2.3717711036954636,SODANKYLA LOKKA FI
581,200911,26.566666666666666,-3.018518518518518,11,-7.512292464878672,4.493773946360154,SODANKYLA LOKKA FI
582,200912,9.629032258064516,-12.42831541218638,12,-12.293752317389698,-0.1345630947966825,SODANKYLA LOKKA FI
583,201001,4.435483870967742,-15.313620071684587,1,-14.708388354398538,-0.6052317172860491,SODANKYLA LOKKA FI
584,201002,0.5714285714285714,-17.460317460317462,2,-14.13026099732089,-3.3300564629965717,SODANKYLA LOKKA FI
585,201003,9.080645161290322,-12.732974910394265,3,-9.546836026745478,-3.1861388836487876,SODANKYLA LOKKA FI
586,201004,32.233333333333334,0.12962962962962954,4,-3.067089018843405,3.196718648473034,SODANKYLA LOKKA FI
587,201005,43.5,6.38888888888889,5,3.8892905697688795,2.4995983191200106,SODANKYLA LOKKA FI
588,201006,49.0,9.444444444444445,6,10.392184557438794,-0.9477401129943495,SODANKYLA LOKKA FI
589,201007,59.46774193548387,15.25985663082437,7,13.516478342749528,1.743378288074842,SODANKYLA LOKKA FI
590,201008,51.403225806451616,10.779569892473114,8,10.975930045729823,-0.19636015325670897,SODANKYLA LOKKA FI
591,201009,43.7,6.500000000000001,9,5.771551724137931,0.7284482758620703,SODANKYLA LOKKA FI
592,201010,34.5,1.3888888888888886,10,-0.8629959213941413,2.25188481028303,SODANKYLA LOKKA FI
593,201011,9.9,-12.277777777777779,11,-7.512292464878672,-4.765485312899107,SODANKYLA LOKKA FI
594,201012,4.967741935483871,-15.017921146953402,12,-12.293752317389698,-2.7241688295637037,SODANKYLA LOKKA FI
595,201101,6.225806451612903,-14.318996415770608,1,-14.708388354398538,0.38939193862793076,SODANKYLA LOKKA FI
596,201102,-4.107142857142857,-20.059523809523803,2,-14.13026099732089,-5.9292628122029125,SODANKYLA LOKKA FI
597,201103,17.483870967741936,-8.064516129032258,3,-9.546836026745478,1.4823198977132197,SODANKYLA LOKKA FI
598,201104,34.416666666666664,1.3425925925925923,4,-3.067089018843405,4.409681611435997,SODANKYLA LOKKA FI
599,201105,41.79032258064516,5.439068100358422,5,3.8892905697688795,1.5497775305895423,SODANKYLA LOKKA FI
600,201106,55.7,13.166666666666666,6,10.392184557438794,2.774482109227872,SODANKYLA LOKKA FI
601,201107,59.983870967741936,15.546594982078854,7,13.516478342749528,2.030116639329327,SODANKYLA LOKKA FI
602,201108,51.693548387096776,10.940860215053762,8,10.975930045729823,-0.03506983067606129,SODANKYLA LOKKA FI
603,201109,47.13333333333333,8.407407407407408,9,5.771551724137931,2.6358556832694777,SODANKYLA LOKKA FI
604,201110,36.53225806451613,2.517921146953405,10,-0.8629959213941413,3.380917068347546,SODANKYLA LOKKA FI
605,201111,26.883333333333333,-2.842592592592593,11,-7.512292464878672,4.669699872286079,SODANKYLA LOKKA FI
606,201112,23.0,-5.000000000000001,12,-12.293752317389698,7.293752317389697,SODANKYLA LOKKA FI
607,201201,7.838709677419355,-13.422939068100359,1,-14.708388354398538,1.2854492862981797,SODANKYLA LOKKA FI
608,201202,2.4482758620689653,-16.417624521072792,2,-14.13026099732089,-2.2873635237519014,SODANKYLA LOKKA FI
609,201203,18.403225806451612,-7.553763440860216,3,-9.546836026745478,1.9930725858852618,SODANKYLA LOKKA FI
610,201204,24.616666666666667,-4.101851851851854,4,-3.067089018843405,-1.034762833008449,SODANKYLA LOKKA FI
611,201205,40.08064516129032,4.489247311827958,5,3.8892905697688795,0.5999567420590783,SODANKYLA LOKKA FI
612,201206,49.93333333333333,9.96296296296296,6,10.392184557438794,-0.42922159447583397,SODANKYLA LOKKA FI
613,201207,54.46774193548387,12.482078853046595,7,13.516478342749528,-1.034399489702933,SODANKYLA LOKKA FI
614,201208,51.225806451612904,10.68100358422939,8,10.975930045729823,-0.2949264615004328,SODANKYLA LOKKA FI
615,201209,42.93333333333333,6.0740740740740735,9,5.771551724137931,0.3025223499361429,SODANKYLA LOKKA FI
616,201210,31.225806451612904,-0.43010752688172044,10,-0.8629959213941413,0.43288839451242084,SODANKYLA LOKKA FI
617,201211,22.583333333333332,-5.231481481481482,11,-7.512292464878672,2.28081098339719,SODANKYLA LOKKA FI
618,201212,4.887096774193548,-15.062724014336917,12,-12.293752317389698,-2.7689716969472187,SODANKYLA LOKKA FI
619,201301,12.193548387096774,-11.003584229390684,1,-14.708388354398538,3.704804125007854,SODANKYLA LOKKA FI
620,201302,12.964285714285714,-10.575396825396824,2,-14.13026099732089,3.5548641719240663,SODANKYLA LOKKA FI
621,201303,3.1129032258064515,-16.048387096774192,3,-9.546836026745478,-6.5015510700287145,SODANKYLA LOKKA FI
622,201304,27.316666666666666,-2.601851851851852,4,-3.067089018843405,0.4652371669915527,SODANKYLA LOKKA FI
623,201305,45.3,7.388888888888888,5,3.8892905697688795,3.499598319120009,SODANKYLA LOKKA FI
624,201306,56.11666666666667,13.39814814814815,6,10.392184557438794,3.0059635907093565,SODANKYLA LOKKA FI
625,201307,56.774193548387096,13.76344086021506,7,13.516478342749528,0.24696251746553166,SODANKYLA LOKKA FI
626,201308,54.83870967741935,12.688172043010754,8,10.975930045729823,1.7122419972809304,SODANKYLA LOKKA FI
627,201309,46.766666666666666,8.203703703703702,9,5.771551724137931,2.432151979565772,SODANKYLA LOKKA FI
628,201310,31.887096774193548,-0.06272401433691745,10,-0.8629959213941413,0.8002719070572238,SODANKYLA LOKKA FI
629,201311,19.066666666666666,-7.185185185185185,11,-7.512292464878672,0.32710727969348685,SODANKYLA LOKKA FI
630,201312,14.451612903225806,-9.74910394265233,12,-12.293752317389698,2.5446483747373687,SODANKYLA LOKKA FI
631,201401,4.661290322580645,-15.188172043010756,1,-14.708388354398538,-0.4797836886122173,SODANKYLA LOKKA FI
632,201402,22.517857142857142,-5.267857142857143,2,-14.13026099732089,8.862403854463746,SODANKYLA LOKKA FI
633,201403,22.14516129032258,-5.474910394265232,3,-9.546836026745478,4.071925632480245,SODANKYLA LOKKA FI
634,201404,28.35,-2.027777777777778,4,-3.067089018843405,1.0393112410656267,SODANKYLA LOKKA FI
635,201405,37.11290322580645,2.8405017921146953,5,3.8892905697688795,-1.0487887776541842,SODANKYLA LOKKA FI
636,201406,49.333333333333336,9.629629629629635,6,10.392184557438794,-0.762554927809159,SODANKYLA LOKKA FI
637,201407,61.403225806451616,16.335125448028673,7,13.516478342749528,2.8186471052791457,SODANKYLA LOKKA FI
638,201408,55.29032258064516,12.939068100358424,8,10.975930045729823,1.963138054628601,SODANKYLA LOKKA FI
639,201409,44.35,6.861111111111112,9,5.771551724137931,1.089559386973181,SODANKYLA LOKKA FI
640,201410,28.629032258064516,-1.8727598566308241,10,-0.8629959213941413,-1.0097639352366827,SODANKYLA LOKKA FI
641,201411,19.0,-7.222222222222223,11,-7.512292464878672,0.29007024265644876,SODANKYLA LOKKA FI
642,201412,14.741935483870968,-9.587813620071683,12,-12.293752317389698,2.7059386973180146,SODANKYLA LOKKA FI
643,201501,5.338709677419355,-14.811827956989248,1,-14.708388354398538,-0.10343960259070961,SODANKYLA LOKKA FI
644,201502,17.5,-8.055555555555557,2,-14.13026099732089,6.0747054417653334,SODANKYLA LOKKA FI
645,201503,24.774193548387096,-4.014336917562725,3,-9.546836026745478,5.532499109182753,SODANKYLA LOKKA FI
646,201504,30.916666666666668,-0.6018518518518519,4,-3.067089018843405,2.465237166991553,SODANKYLA LOKKA FI
647,201505,41.935483870967744,5.519713261648746,5,3.8892905697688795,1.630422691879866,SODANKYLA LOKKA FI
648,201506,49.15,9.527777777777779,6,10.392184557438794,-0.8644067796610155,SODANKYLA LOKKA FI
649,201507,51.61290322580645,10.89605734767025,7,13.516478342749528,-2.620420995079277,SODANKYLA LOKKA FI
650,201508,53.96774193548387,12.204301075268814,8,10.975930045729823,1.228371029538991,SODANKYLA LOKKA FI
651,201509,47.516666666666666,8.62037037037037,9,5.771551724137931,2.8488186462324396,SODANKYLA LOKKA FI
652,201510,32.25806451612903,0.14336917562724028,10,-0.8629959213941413,1.0063650970213815,SODANKYLA LOKKA FI
653,201511,25.633333333333333,-3.537037037037037,11,-7.512292464878672,3.9752554278416348,SODANKYLA LOKKA FI
654,201512,12.983870967741936,-10.564516129032258,12,-12.293752317389698,1.72923618835744,SODANKYLA LOKKA FI
655,201601,-0.12903225806451613,-17.849462365591403,1,-14.708388354398538,-3.141074011192865,SODANKYLA LOKKA FI
656,201602,18.413793103448278,-7.547892720306516,2,-14.13026099732089,6.582368277014375,SODANKYLA LOKKA FI
657,201603,22.677419354838708,-5.17921146953405,3,-9.546836026745478,4.367624557211427,SODANKYLA LOKKA FI
658,201604,32.5,0.2777777777777776,4,-3.067089018843405,3.3448667966211825,SODANKYLA LOKKA FI
659,201605,44.806451612903224,7.1146953405017905,5,3.8892905697688795,3.225404770732911,SODANKYLA LOKKA FI
660,201606,51.916666666666664,11.064814814814813,6,10.392184557438794,0.672630257376019,SODANKYLA LOKKA FI
661,201607,60.41935483870968,15.78853046594982,7,13.516478342749528,2.272052123200293,SODANKYLA LOKKA FI
662,201608,52.38709677419355,11.326164874551974,8,10.975930045729823,0.35023482882215085,SODANKYLA LOKKA FI
663,201609,46.03333333333333,7.796296296296297,9,5.771551724137931,2.024744572158366,SODANKYLA LOKKA FI
664,201610,34.04838709677419,1.1379928315412189,10,-0.8629959213941413,2.0009887529353603,SODANKYLA LOKKA FI
665,201611,19.666666666666668,-6.851851851851851,11,-7.512292464878672,0.6604406130268208,SODANKYLA LOKKA FI
666,201612,13.338709677419354,-10.367383512544802,12,-12.293752317389698,1.9263688048448966,SODANKYLA LOKKA FI
667,201701,10.564516129032258,-11.90860215053763,1,-14.708388354398538,2.799786203860908,SODANKYLA LOKKA FI
668,201702,11.089285714285714,-11.617063492063492,2,-14.13026099732089,2.5131975052573985,SODANKYLA LOKKA FI
669,201703,17.2,-8.222222222222221,3,-9.546836026745478,1.3246138045232563,SODANKYLA LOKKA FI
670,201704,23.616666666666667,-4.657407407407407,4,-3.067089018843405,-1.5903183885640026,SODANKYLA LOKKA FI
671,201705,33.62903225806452,0.9050179211469537,5,3.8892905697688795,-2.9842726486219258,SODANKYLA LOKKA FI
672,201706,46.0,7.777777777777778,6,10.392184557438794,-2.6144067796610164,SODANKYLA LOKKA FI
673,201707,57.20967741935484,14.005376344086024,7,13.516478342749528,0.4888980013364961,SODANKYLA LOKKA FI
674,201708,51.53225806451613,10.851254480286737,8,10.975930045729823,-0.124675565443086,SODANKYLA LOKKA FI
675,201709,42.88333333333333,6.046296296296295,9,5.771551724137931,0.27474457215836434,SODANKYLA LOKKA FI
676,201710,31.903225806451612,-0.05376344086021532,10,-0.8629959213941413,0.8092324805339259,SODANKYLA LOKKA FI
677,201711,20.4,-6.444444444444445,11,-7.512292464878672,1.0678480204342273,SODANKYLA LOKKA FI
678,201712,12.387096774193548,-10.896057347670252,12,-12.293752317389698,1.3976949697194456,SODANKYLA LOKKA FI
679,201801,11.193548387096774,-11.55913978494624,1,-14.708388354398538,3.1492485694522987,SODANKYLA LOKKA FI
680,201802,4.25,-15.416666666666668,2,-14.13026099732089,-1.2864056693457773,SODANKYLA LOKKA FI
681,201803,7.612903225806452,-13.548387096774194,3,-9.546836026745478,-4.001551070028716,SODANKYLA LOKKA FI
682,201804,28.733333333333334,-1.8148148148148155,4,-3.067089018843405,1.2522742040285892,SODANKYLA LOKKA FI
683,201805,46.82258064516129,8.234767025089607,5,3.8892905697688795,4.345476455320727,SODANKYLA LOKKA FI
684,201806,49.733333333333334,9.851851851851851,6,10.392184557438794,-0.5403327055869429,SODANKYLA LOKKA FI
685,201807,63.87096774193548,17.706093189964157,7,13.516478342749528,4.18961484721463,SODANKYLA LOKKA FI
686,201808,54.516129032258064,12.5089605734767,8,10.975930045729823,1.5330305277468774,SODANKYLA LOKKA FI
687,201809,44.95,7.194444444444444,9,5.771551724137931,1.4228927203065131,SODANKYLA LOKKA FI
688,201810,29.822580645161292,-1.209677419354839,10,-0.8629959213941413,-0.3466814979606977,SODANKYLA LOKKA FI
689,201811,29.233333333333334,-1.5370370370370372,11,-7.512292464878672,5.975255427841635,SODANKYLA LOKKA FI
690,201812,16.0,-8.888888888888891,12,-12.293752317389698,3.404863428500807,SODANKYLA LOKKA FI
691,201901,2.9516129032258065,-16.137992831541215,1,-14.708388354398538,-1.4296044771426768,SODANKYLA LOKKA FI
692,201902,7.017857142857143,-13.878968253968258,2,-14.13026099732089,0.2512927433526322,SODANKYLA LOKKA FI
693,201903,15.193548387096774,-9.336917562724016,3,-9.546836026745478,0.2099184640214613,SODANKYLA LOKKA FI
694,201904,31.633333333333333,-0.2037037037037037,4,-3.067089018843405,2.863385315139701,SODANKYLA LOKKA FI
695,201905,39.37096774193548,4.0949820788530475,5,3.8892905697688795,0.205691509084168,SODANKYLA LOKKA FI
696,201906,51.11666666666667,10.620370370370372,6,10.392184557438794,0.2281858129315779,SODANKYLA LOKKA FI
697,201907,53.516129032258064,11.953405017921147,7,13.516478342749528,-1.5630733248283804,SODANKYLA LOKKA FI
